{
  "project_info": {
    "project_number": "479021112446",
    "firebase_url": "https://farm-gator-default-rtdb.firebaseio.com",
    "project_id": "farm-gator",
    "storage_bucket": "farm-gator.appspot.com"
  },
  "client": [
    {
      "client_info": {
        "mobilesdk_app_id": "1:479021112446:android:2a045a18aa69d4b6da8c2f",
        "android_client_info": {
          "package_name": "play.gator.farmgator"
        }
      },
      "oauth_client": [
        {
          "client_id": "479021112446-ss5ccbcmnmipiitiavac1cp9sncf6sbo.apps.googleusercontent.com",
          "client_type": 3
        }
      ],
      "api_key": [
        {
          "current_key": "AIzaSyAlLOHNhp8CN9PIa57d9iSS5jru7q2uIpY"
        }
      ],
      "services": {
        "appinvite_service": {
          "other_platform_oauth_client": [
            {
              "client_id": "479021112446-ss5ccbcmnmipiitiavac1cp9sncf6sbo.apps.googleusercontent.com",
              "client_type": 3
            }
          ]
        }
      }
    }
  ],
  "configuration_version": "1"
}